{
  "6": {
    "fit_time": [
      0.05039525032043457,
      0.03124833106994629,
      0.031250953674316406,
      0.015623807907104492,
      0.015626192092895508
    ],
    "score_time": [
      0.0,
      0.0,
      0.0,
      0.0,
      0.0
    ],
    "test_r2": [
      0.5015827933064706,
      0.7655844696624433,
      0.7254260684626009,
      0.5233575473755083,
      0.3986922201091281
    ],
    "test_rmse": [
      -0.974832007119608,
      -0.7373131494166284,
      -0.737407491593312,
      -0.861217356327411,
      -0.8189687852965105
    ],
    "test_mae": [
      -0.596816556007466,
      -0.5832827045863125,
      -0.5411165215610056,
      -0.6592781281361987,
      -0.6591725768836363
    ],
    "generalizability_scores": {
      "train_sizes": [
        7,
        29,
        51,
        74
      ],
      "train_sizes_fraction": [
        0.07526881720430108,
        0.3118279569892473,
        0.5483870967741935,
        0.7956989247311828
      ],
      "train_scores": [
        [
          1.0,
          1.0,
          1.0,
          1.0,
          1.0
        ],
        [
          0.8475441886131448,
          0.6730989988643749,
          0.8790747933406544,
          0.8767245926443852,
          0.9018031622207159
        ],
        [
          0.7951912679747303,
          0.6759228237713548,
          0.6803088328986977,
          0.8418075113226173,
          0.7825983054576748
        ],
        [
          0.7800419398620747,
          0.7202004811728259,
          0.7315834894761091,
          0.7610751235506625,
          0.7759404119320777
        ]
      ],
      "test_scores": [
        [
          0.16057432047743725,
          -0.02947909525215353,
          0.09073769110489271,
          0.045042502312302335,
          0.16791317588159116
        ],
        [
          0.3158645398481381,
          0.6664891809170812,
          0.2732007889222451,
          0.6382894426779474,
          -0.1870762272474198
        ],
        [
          0.49095385361311916,
          0.7738233654783224,
          0.7047999287535754,
          0.5097796533549914,
          0.35050391452903074
        ],
        [
          0.5015827933064709,
          0.7655844696624434,
          0.7254260684626009,
          0.5185174544178278,
          0.42633388306682285
        ]
      ]
    }
  },
  "13": {
    "fit_time": [
      0.008068561553955078,
      0.007066488265991211,
      0.006066322326660156,
      0.00506591796875,
      0.004067182540893555
    ],
    "score_time": [
      0.01484990119934082,
      0.016350269317626953,
      0.01743173599243164,
      0.01743173599243164,
      0.01743173599243164
    ],
    "test_r2": [
      0.5015822298095343,
      0.7193325975315809,
      0.6012949914034171,
      0.6815763501868428,
      0.6380193953055806
    ],
    "test_rmse": [
      -0.8874566617313495,
      -0.6680444949780276,
      -0.7718150864001627,
      -0.8517715367700933,
      -0.8640165770476825
    ],
    "test_mae": [
      -0.4745138908841545,
      -0.5258165979191581,
      -0.6117025607630062,
      -0.6278505907963078,
      -0.7481282062752778
    ],
    "generalizability_scores": {
      "train_sizes": [
        7,
        29,
        51,
        74
      ],
      "train_sizes_fraction": [
        0.07526881720430108,
        0.3118279569892473,
        0.5483870967741935,
        0.7956989247311828
      ],
      "train_scores": [
        [
          1.0,
          1.0,
          1.0,
          1.0,
          1.0
        ],
        [
          0.7821130419427333,
          0.7939877399898758,
          0.7301629876940312,
          0.8313821427706157,
          0.8632506413094436
        ],
        [
          0.8100582382176358,
          0.7655016003090921,
          0.8038621291395589,
          0.7264861321501421,
          0.7194057441415679
        ],
        [
          0.7712029414462842,
          0.7362577681895263,
          0.7609121011047697,
          0.7520245367715599,
          0.7552729625860202
        ]
      ],
      "test_scores": [
        [
          -2.3879793789062576,
          -0.017658731465399313,
          -1.1785558594466155,
          -1.3254874377548909,
          0.300488228914074
        ],
        [
          0.07708241640584035,
          0.3771188993548553,
          0.489492244164919,
          0.5470741713489051,
          0.6458828473217542
        ],
        [
          0.19148111362963027,
          0.7010442227585623,
          0.5430007263899462,
          0.5886945959222096,
          0.684429344229057
        ],
        [
          0.5015822298095343,
          0.719332597531581,
          0.6012949914034167,
          0.6802447487191359,
          0.6393426536782782
        ]
      ]
    }
  },
  "42": {
    "fit_time": [
      0.015033721923828125,
      0.011090278625488281,
      0.015671968460083008,
      0.015713930130004883,
      0.012438297271728516
    ],
    "score_time": [
      0.005063772201538086,
      0.0076465606689453125,
      0.002056121826171875,
      0.001001119613647461,
      0.002759695053100586
    ],
    "test_r2": [
      0.7326369999259914,
      0.7296924542966039,
      0.4158952763701045,
      0.6152495625978565,
      0.6130290995136034
    ],
    "test_rmse": [
      -0.7219192127493999,
      -0.6963193430930368,
      -1.0035107302958002,
      -0.8373646486028794,
      -0.7313830675502272
    ],
    "test_mae": [
      -0.49960335029657726,
      -0.5455458663802245,
      -0.7379711655759545,
      -0.7113911990049229,
      -0.512523756481299
    ],
    "generalizability_scores": {
      "train_sizes": [
        7,
        29,
        51,
        74
      ],
      "train_sizes_fraction": [
        0.07526881720430108,
        0.3118279569892473,
        0.5483870967741935,
        0.7956989247311828
      ],
      "train_scores": [
        [
          1.0,
          1.0,
          1.0,
          1.0,
          1.0
        ],
        [
          0.8481715994207306,
          0.7521898416641399,
          0.8737650594832986,
          0.833337739068705,
          0.8853235376732941
        ],
        [
          0.7693017175835785,
          0.7629629729619897,
          0.8351114966342464,
          0.762183492735319,
          0.8195484506765115
        ],
        [
          0.7316918735062723,
          0.723608117640357,
          0.790861572978313,
          0.7517705556007716,
          0.7614769834253873
        ]
      ],
      "test_scores": [
        [
          0.28898024781447784,
          -0.9287074727191247,
          -0.5135120312101911,
          -17.384773745519343,
          -5.162231962055648
        ],
        [
          0.5106999294098222,
          0.5616903964545717,
          0.3635107528656193,
          0.3352416661515829,
          0.5192109155710802
        ],
        [
          0.7541320447061042,
          0.7852810021713634,
          0.48175337701793286,
          0.5492959904122698,
          0.6331269227557432
        ],
        [
          0.7326369999259916,
          0.729692454296604,
          0.4158952763701047,
          0.6142637056604112,
          0.6157137286653848
        ]
      ]
    }
  },
  "69": {
    "fit_time": [
      0.010757684707641602,
      0.010757684707641602,
      0.019121646881103516,
      0.010432720184326172,
      0.015452146530151367
    ],
    "score_time": [
      0.007363557815551758,
      0.008363962173461914,
      0.003082275390625,
      0.005546092987060547,
      0.0010826587677001953
    ],
    "test_r2": [
      0.628780225999999,
      0.5794459437062209,
      0.6610382647492552,
      0.6430070588005496,
      0.6170943442187947
    ],
    "test_rmse": [
      -0.762532566037413,
      -0.9282968528805369,
      -0.7088893316344067,
      -0.8732841030245002,
      -0.8347521338815364
    ],